{
  "task": "dense_gcn_v3r_eb_ffnn_3fold_cv",
  "device": "cuda",
  "config": {
    "model_name": "dense_gcn",
    "n_lr": 160,
    "n_hr": 268,
    "hidden_dim": 192,
    "num_layers": 3,
    "dropout": 0.35,
    "epochs": 400,
    "patience": 60,
    "batch_size": 16,
    "learning_rate": 0.0008,
    "weight_decay": 0.0001,
    "loss_name": "l1",
    "huber_beta": 1.0,
    "l1_weight": 0.7,
    "seed": 42,
    "num_folds": 3,
    "num_heads": 4,
    "ffn_mult": 4,
    "num_decoder_heads": 4,
    "hr_refine_layers": 1,
    "edge_scale": 0.2,
    "bipartite_layers": 1,
    "max_epochs_full": 50,
    "use_residual": true,
    "mixup_alpha": 0.2,
    "subject_scale": false,
    "calibrate": false,
    "lap_pe_dim": 0,
    "pearl_pe_dim": 0,
    "lr_schedule": "plateau",
    "lr_min": 1e-06,
    "curriculum_phase_epochs": 0,
    "curriculum_heavy_percentile": 50.0,
    "spectral_alignment_weight": 0.0,
    "spectral_alignment_k": 5,
    "use_edge_bias": true,
    "edge_dropout": 0.0,
    "gaussian_noise_std": 0.0,
    "mixup_prob": 0.5,
    "edge_weight_mode": "none"
  },
  "folds": [
    {
      "fold": 1,
      "train_size": 111,
      "val_size": 56,
      "best_val_loss": 0.13560371100902557,
      "best_epoch": 255,
      "fold_seconds": 284.5495978349936,
      "checkpoint": "/home/jeet/y4/neurores-gnn/artifacts/v3r_eb_ffnn/checkpoints/fold_1.pt",
      "metrics": {
        "MAE": 0.1358352310309295,
        "PCC": 0.6276368992785338,
        "JSD": 0.28592895218538794,
        "MAE (PC)": 0.0005663047733881091,
        "MAE (EC)": 0.013664293076567595,
        "MAE (BC)": 0.02066465493229252,
        "MAE (Strength)": 16.998409988263635,
        "MAE (Clustering)": 0.05679480103120813
      }
    },
    {
      "fold": 2,
      "train_size": 111,
      "val_size": 56,
      "best_val_loss": 0.1454395391047001,
      "best_epoch": 223,
      "fold_seconds": 250.53133969700139,
      "checkpoint": "/home/jeet/y4/neurores-gnn/artifacts/v3r_eb_ffnn/checkpoints/fold_2.pt",
      "metrics": {
        "MAE": 0.14537314906578605,
        "PCC": 0.5942313370213614,
        "JSD": 0.2983053556699423,
        "MAE (PC)": 0.000572182564577735,
        "MAE (EC)": 0.014105401335030862,
        "MAE (BC)": 0.021135459753333887,
        "MAE (Strength)": 19.408377454688313,
        "MAE (Clustering)": 0.06826209289438578
      }
    },
    {
      "fold": 3,
      "train_size": 112,
      "val_size": 55,
      "best_val_loss": 0.13726358115673065,
      "best_epoch": 253,
      "fold_seconds": 302.7876567939966,
      "checkpoint": "/home/jeet/y4/neurores-gnn/artifacts/v3r_eb_ffnn/checkpoints/fold_3.pt",
      "metrics": {
        "MAE": 0.13918571663160578,
        "PCC": 0.6207127573993575,
        "JSD": 0.2879336052028281,
        "MAE (PC)": 0.0005673576263703624,
        "MAE (EC)": 0.013330360350122781,
        "MAE (BC)": 0.020860417550974227,
        "MAE (Strength)": 17.764809608068116,
        "MAE (Clustering)": 0.06048475217493592
      }
    }
  ],
  "metric_order": [
    "MAE",
    "PCC",
    "JSD",
    "MAE (PC)",
    "MAE (EC)",
    "MAE (BC)",
    "MAE (Strength)",
    "MAE (Clustering)"
  ],
  "mean_metrics": {
    "MAE": 0.14013136557610711,
    "PCC": 0.6141936645664177,
    "JSD": 0.2907226376860528,
    "MAE (PC)": 0.0005686149881120689,
    "MAE (EC)": 0.013700018253907079,
    "MAE (BC)": 0.020886844078866876,
    "MAE (Strength)": 18.057199017006692,
    "MAE (Clustering)": 0.06184721536684328
  },
  "std_metrics": {
    "MAE": 0.0048387662740194196,
    "PCC": 0.017631132293554532,
    "JSD": 0.006642880959906192,
    "MAE (PC)": 3.134138833769384e-06,
    "MAE (EC)": 0.0003887535829979905,
    "MAE (BC)": 0.00023651229547593197,
    "MAE (Strength)": 1.2313019419098352,
    "MAE (Clustering)": 0.00585379578827293
  }
}